<?xml version="1.0" encoding="UTF-8"?>
<project-private xmlns="http://www.netbeans.org/ns/project-private/1">
    <editor-bookmarks xmlns="http://www.netbeans.org/ns/editor-bookmarks/2" lastBookmarkId="0"/>
    <open-files xmlns="http://www.netbeans.org/ns/projectui-open-files/2">
        <group>
            <file>file:/C:/Users/Edson%20J%20Suárez%20L/Documents/NetBeansProjects/Ledatel-cf/src/Desk/clienteDesk.java</file>
            <file>file:/C:/Users/Edson%20J%20Suárez%20L/Documents/NetBeansProjects/Ledatel-cf/src/Desk/graficoEstadisticosDesk.java</file>
            <file>file:/C:/Users/Edson%20J%20Suárez%20L/Documents/NetBeansProjects/Ledatel-cf/src/Dao/detalleDao.java</file>
        </group>
    </open-files>
</project-private>
